{
  "generated_at": "2026-07-11T03:41:52.258782+00:00",
  "database": "C:\\Users\\hp\\kai_bridge_v03.db",
  "strategy_versions": [
    "KAI_BETA_3_1_CYCLE_CONTROL"
  ],
  "summary": {
    "trades": 18,
    "wins": 8,
    "losses": 10,
    "breakeven": 0,
    "win_rate": 0.4444444444444444,
    "gross_win_r": 7.83392,
    "gross_loss_r": 9.44466,
    "net_r": -1.61074,
    "profit_factor": 0.8294549512634652,
    "expectancy_r": -0.08948555555555555,
    "max_drawdown_r": 4.11074,
    "average_bars": 20.166666666666668,
    "average_mfe_r": 0.9315500000000001,
    "average_mae_r": 0.06361722222222223,
    "by_side": {
      "BUY": {
        "trades": 7,
        "wins": 3,
        "losses": 4,
        "net_r": -1.47954,
        "expectancy_r": -0.21136285714285716
      },
      "SELL": {
        "trades": 11,
        "wins": 5,
        "losses": 6,
        "net_r": -0.13119999999999998,
        "expectancy_r": -0.011927272727272726
      }
    },
    "by_exit_reason": {
      "UNKNOWN": {
        "trades": 15,
        "net_r": -1.5
      },
      "TIME_EXIT": {
        "trades": 3,
        "net_r": -0.11073999999999998
      }
    }
  }
}