{
  "generated_at": "2026-07-11T03:07:20.475553+00:00",
  "database": "C:\\Users\\hp\\kai_bridge_v03.db",
  "strategy_versions": [
    "KAI_BETA_3_1_CYCLE_CONTROL"
  ],
  "summary": {
    "trades": 16,
    "wins": 7,
    "losses": 9,
    "breakeven": 0,
    "win_rate": 0.4375,
    "gross_win_r": 7.81346,
    "gross_loss_r": 8.44466,
    "net_r": -0.6312,
    "profit_factor": 0.9252545395551744,
    "expectancy_r": -0.03945,
    "max_drawdown_r": 3.6311999999999998,
    "average_bars": 15.125,
    "average_mfe_r": 1.00125375,
    "average_mae_r": 0.066736875,
    "by_side": {
      "BUY": {
        "trades": 5,
        "wins": 2,
        "losses": 3,
        "net_r": -0.5,
        "expectancy_r": -0.1
      },
      "SELL": {
        "trades": 11,
        "wins": 5,
        "losses": 6,
        "net_r": -0.13119999999999998,
        "expectancy_r": -0.011927272727272726
      }
    },
    "by_exit_reason": {
      "UNKNOWN": {
        "trades": 14,
        "net_r": -0.5
      },
      "TIME_EXIT": {
        "trades": 2,
        "net_r": -0.13119999999999998
      }
    }
  }
}