{
  "generated_at": "2026-07-10T19:43:50.434371+00:00",
  "database": "C:\\Users\\hp\\kai_bridge_v03.db",
  "strategy_versions": [
    "KAI_BETA_3_1_CYCLE_CONTROL"
  ],
  "summary": {
    "trades": 11,
    "wins": 5,
    "losses": 6,
    "breakeven": 0,
    "win_rate": 0.45454545454545453,
    "gross_win_r": 5.31346,
    "gross_loss_r": 6.0,
    "net_r": -0.6865399999999999,
    "profit_factor": 0.8855766666666667,
    "expectancy_r": -0.062412727272727266,
    "max_drawdown_r": 3.43654,
    "average_bars": 11.0,
    "average_mfe_r": 0.8453363636363637,
    "average_mae_r": 0.03792090909090909,
    "by_side": {
      "BUY": {
        "trades": 1,
        "wins": 0,
        "losses": 1,
        "net_r": -1.0,
        "expectancy_r": -1.0
      },
      "SELL": {
        "trades": 10,
        "wins": 5,
        "losses": 5,
        "net_r": 0.31346,
        "expectancy_r": 0.031346
      }
    },
    "by_exit_reason": {
      "UNKNOWN": {
        "trades": 10,
        "net_r": -1.0
      },
      "TIME_EXIT": {
        "trades": 1,
        "net_r": 0.31346
      }
    }
  }
}