{
  "generated_at": "2026-07-11T01:31:26.341679+00:00",
  "database": "C:\\Users\\hp\\kai_bridge_v03.db",
  "strategy_versions": [
    "KAI_BETA_3_1_CYCLE_CONTROL"
  ],
  "summary": {
    "trades": 14,
    "wins": 7,
    "losses": 7,
    "breakeven": 0,
    "win_rate": 0.5,
    "gross_win_r": 7.81346,
    "gross_loss_r": 6.44466,
    "net_r": 1.3688,
    "profit_factor": 1.2123928958238295,
    "expectancy_r": 0.09777142857142858,
    "max_drawdown_r": 3.6311999999999998,
    "average_bars": 17.285714285714285,
    "average_mfe_r": 1.1125257142857143,
    "average_mae_r": 0.07627071428571429,
    "by_side": {
      "BUY": {
        "trades": 3,
        "wins": 2,
        "losses": 1,
        "net_r": 1.5,
        "expectancy_r": 0.5
      },
      "SELL": {
        "trades": 11,
        "wins": 5,
        "losses": 6,
        "net_r": -0.13119999999999998,
        "expectancy_r": -0.011927272727272726
      }
    },
    "by_exit_reason": {
      "UNKNOWN": {
        "trades": 12,
        "net_r": 1.5
      },
      "TIME_EXIT": {
        "trades": 2,
        "net_r": -0.13119999999999998
      }
    }
  }
}