{
  "generated_at": "2026-07-11T03:14:36.324061+00:00",
  "database": "C:\\Users\\hp\\kai_bridge_v03.db",
  "strategy_versions": [
    "KAI_BETA_3_1_CYCLE_CONTROL"
  ],
  "summary": {
    "trades": 17,
    "wins": 8,
    "losses": 9,
    "breakeven": 0,
    "win_rate": 0.47058823529411764,
    "gross_win_r": 7.83392,
    "gross_loss_r": 8.44466,
    "net_r": -0.61074,
    "profit_factor": 0.9276773724460191,
    "expectancy_r": -0.035925882352941176,
    "max_drawdown_r": 3.6311999999999998,
    "average_bars": 21.352941176470587,
    "average_mfe_r": 0.9474117647058824,
    "average_mae_r": 0.06735941176470589,
    "by_side": {
      "BUY": {
        "trades": 6,
        "wins": 3,
        "losses": 3,
        "net_r": -0.47954,
        "expectancy_r": -0.07992333333333333
      },
      "SELL": {
        "trades": 11,
        "wins": 5,
        "losses": 6,
        "net_r": -0.13119999999999998,
        "expectancy_r": -0.011927272727272726
      }
    },
    "by_exit_reason": {
      "UNKNOWN": {
        "trades": 14,
        "net_r": -0.5
      },
      "TIME_EXIT": {
        "trades": 3,
        "net_r": -0.11073999999999998
      }
    }
  }
}