{
  "generated_at": "2026-07-11T01:44:56.890008+00:00",
  "database": "C:\\Users\\hp\\kai_bridge_v03.db",
  "strategy_versions": [
    "KAI_BETA_3_1_CYCLE_CONTROL"
  ],
  "summary": {
    "trades": 15,
    "wins": 7,
    "losses": 8,
    "breakeven": 0,
    "win_rate": 0.4666666666666667,
    "gross_win_r": 7.81346,
    "gross_loss_r": 7.44466,
    "net_r": 0.3688,
    "profit_factor": 1.049538864098562,
    "expectancy_r": 0.024586666666666666,
    "max_drawdown_r": 3.6311999999999998,
    "average_bars": 16.133333333333333,
    "average_mfe_r": 1.056624,
    "average_mae_r": 0.071186,
    "by_side": {
      "BUY": {
        "trades": 4,
        "wins": 2,
        "losses": 2,
        "net_r": 0.5,
        "expectancy_r": 0.125
      },
      "SELL": {
        "trades": 11,
        "wins": 5,
        "losses": 6,
        "net_r": -0.13119999999999998,
        "expectancy_r": -0.011927272727272726
      }
    },
    "by_exit_reason": {
      "UNKNOWN": {
        "trades": 13,
        "net_r": 0.5
      },
      "TIME_EXIT": {
        "trades": 2,
        "net_r": -0.13119999999999998
      }
    }
  }
}